arquivo,tamanho_bytes,total_palavras,palavra,algoritmo,threads,repeticao,ocorrencias,tempo_ms
Dracula-165307.txt,890389,166773,the,SerialCPU,1,1,8104,0.931900
Dracula-165307.txt,890389,166773,the,SerialCPU,1,2,8104,0.987300
Dracula-165307.txt,890389,166773,the,SerialCPU,1,3,8104,1.213100
Dracula-165307.txt,890389,166773,the,SerialCPU,1,4,8104,0.905300
Dracula-165307.txt,890389,166773,the,SerialCPU,1,5,8104,0.968900
Dracula-165307.txt,890389,166773,the,ParallelCPU,1,1,8104,1.286500
Dracula-165307.txt,890389,166773,the,ParallelCPU,1,2,8104,1.558200
Dracula-165307.txt,890389,166773,the,ParallelCPU,1,3,8104,1.347100
Dracula-165307.txt,890389,166773,the,ParallelCPU,1,4,8104,1.354300
Dracula-165307.txt,890389,166773,the,ParallelCPU,1,5,8104,1.208500
Dracula-165307.txt,890389,166773,the,ParallelCPU,2,1,8104,0.795400
Dracula-165307.txt,890389,166773,the,ParallelCPU,2,2,8104,4.535000
Dracula-165307.txt,890389,166773,the,ParallelCPU,2,3,8104,1.028300
Dracula-165307.txt,890389,166773,the,ParallelCPU,2,4,8104,1.208200
Dracula-165307.txt,890389,166773,the,ParallelCPU,2,5,8104,0.844500
Dracula-165307.txt,890389,166773,the,ParallelCPU,4,1,8104,0.838000
Dracula-165307.txt,890389,166773,the,ParallelCPU,4,2,8104,0.668900
Dracula-165307.txt,890389,166773,the,ParallelCPU,4,3,8104,0.868800
Dracula-165307.txt,890389,166773,the,ParallelCPU,4,4,8104,0.840700
Dracula-165307.txt,890389,166773,the,ParallelCPU,4,5,8104,0.849600
Dracula-165307.txt,890389,166773,the,ParallelCPU,8,1,8104,1.177500
Dracula-165307.txt,890389,166773,the,ParallelCPU,8,2,8104,0.780000
Dracula-165307.txt,890389,166773,the,ParallelCPU,8,3,8104,1.180900
Dracula-165307.txt,890389,166773,the,ParallelCPU,8,4,8104,0.809700
Dracula-165307.txt,890389,166773,the,ParallelCPU,8,5,8104,0.686800
Dracula-165307.txt,890389,166773,the,ParallelGPU,0,1,8104,76.034900
Dracula-165307.txt,890389,166773,the,ParallelGPU,0,2,8104,79.675100
Dracula-165307.txt,890389,166773,the,ParallelGPU,0,3,8104,80.841200
Dracula-165307.txt,890389,166773,the,ParallelGPU,0,4,8104,75.997900
Dracula-165307.txt,890389,166773,the,ParallelGPU,0,5,8104,77.158300
MobyDick-217452.txt,1276285,222559,the,SerialCPU,1,1,14727,1.290600
MobyDick-217452.txt,1276285,222559,the,SerialCPU,1,2,14727,1.452400
MobyDick-217452.txt,1276285,222559,the,SerialCPU,1,3,14727,1.922400
MobyDick-217452.txt,1276285,222559,the,SerialCPU,1,4,14727,1.307700
MobyDick-217452.txt,1276285,222559,the,SerialCPU,1,5,14727,1.357100
MobyDick-217452.txt,1276285,222559,the,ParallelCPU,1,1,14727,1.653900
MobyDick-217452.txt,1276285,222559,the,ParallelCPU,1,2,14727,1.635100
MobyDick-217452.txt,1276285,222559,the,ParallelCPU,1,3,14727,1.767200
MobyDick-217452.txt,1276285,222559,the,ParallelCPU,1,4,14727,2.000600
MobyDick-217452.txt,1276285,222559,the,ParallelCPU,1,5,14727,1.645200
MobyDick-217452.txt,1276285,222559,the,ParallelCPU,2,1,14727,1.027000
MobyDick-217452.txt,1276285,222559,the,ParallelCPU,2,2,14727,1.025300
MobyDick-217452.txt,1276285,222559,the,ParallelCPU,2,3,14727,0.990100
MobyDick-217452.txt,1276285,222559,the,ParallelCPU,2,4,14727,1.187300
MobyDick-217452.txt,1276285,222559,the,ParallelCPU,2,5,14727,1.067600
MobyDick-217452.txt,1276285,222559,the,ParallelCPU,4,1,14727,1.028900
MobyDick-217452.txt,1276285,222559,the,ParallelCPU,4,2,14727,1.189800
MobyDick-217452.txt,1276285,222559,the,ParallelCPU,4,3,14727,0.772700
MobyDick-217452.txt,1276285,222559,the,ParallelCPU,4,4,14727,0.859200
MobyDick-217452.txt,1276285,222559,the,ParallelCPU,4,5,14727,1.027800
MobyDick-217452.txt,1276285,222559,the,ParallelCPU,8,1,14727,0.982800
MobyDick-217452.txt,1276285,222559,the,ParallelCPU,8,2,14727,0.884600
MobyDick-217452.txt,1276285,222559,the,ParallelCPU,8,3,14727,1.126800
MobyDick-217452.txt,1276285,222559,the,ParallelCPU,8,4,14727,1.751000
MobyDick-217452.txt,1276285,222559,the,ParallelCPU,8,5,14727,6.501000
MobyDick-217452.txt,1276285,222559,the,ParallelGPU,0,1,14727,76.174600
MobyDick-217452.txt,1276285,222559,the,ParallelGPU,0,2,14727,75.738200
MobyDick-217452.txt,1276285,222559,the,ParallelGPU,0,3,14727,78.122600
MobyDick-217452.txt,1276285,222559,the,ParallelGPU,0,4,14727,76.403400
MobyDick-217452.txt,1276285,222559,the,ParallelGPU,0,5,14727,78.018500
DonQuixote-388208.txt,2225840,386868,the,SerialCPU,1,1,188,2.320100
DonQuixote-388208.txt,2225840,386868,the,SerialCPU,1,2,188,1.786000
DonQuixote-388208.txt,2225840,386868,the,SerialCPU,1,3,188,2.163600
DonQuixote-388208.txt,2225840,386868,the,SerialCPU,1,4,188,2.581400
DonQuixote-388208.txt,2225840,386868,the,SerialCPU,1,5,188,2.048300
DonQuixote-388208.txt,2225840,386868,the,ParallelCPU,1,1,188,2.175900
DonQuixote-388208.txt,2225840,386868,the,ParallelCPU,1,2,188,2.295600
DonQuixote-388208.txt,2225840,386868,the,ParallelCPU,1,3,188,3.035300
DonQuixote-388208.txt,2225840,386868,the,ParallelCPU,1,4,188,3.405200
DonQuixote-388208.txt,2225840,386868,the,ParallelCPU,1,5,188,2.171000
DonQuixote-388208.txt,2225840,386868,the,ParallelCPU,2,1,188,2.048700
DonQuixote-388208.txt,2225840,386868,the,ParallelCPU,2,2,188,1.313500
DonQuixote-388208.txt,2225840,386868,the,ParallelCPU,2,3,188,1.988100
DonQuixote-388208.txt,2225840,386868,the,ParallelCPU,2,4,188,1.572800
DonQuixote-388208.txt,2225840,386868,the,ParallelCPU,2,5,188,1.562200
DonQuixote-388208.txt,2225840,386868,the,ParallelCPU,4,1,188,1.012700
DonQuixote-388208.txt,2225840,386868,the,ParallelCPU,4,2,188,1.256100
DonQuixote-388208.txt,2225840,386868,the,ParallelCPU,4,3,188,1.046900
DonQuixote-388208.txt,2225840,386868,the,ParallelCPU,4,4,188,1.087700
DonQuixote-388208.txt,2225840,386868,the,ParallelCPU,4,5,188,1.959300
DonQuixote-388208.txt,2225840,386868,the,ParallelCPU,8,1,188,2.770200
DonQuixote-388208.txt,2225840,386868,the,ParallelCPU,8,2,188,13.387500
DonQuixote-388208.txt,2225840,386868,the,ParallelCPU,8,3,188,1.268300
DonQuixote-388208.txt,2225840,386868,the,ParallelCPU,8,4,188,1.643500
DonQuixote-388208.txt,2225840,386868,the,ParallelCPU,8,5,188,1.372800
DonQuixote-388208.txt,2225840,386868,the,ParallelGPU,0,1,188,78.351800
DonQuixote-388208.txt,2225840,386868,the,ParallelGPU,0,2,188,78.206100
DonQuixote-388208.txt,2225840,386868,the,ParallelGPU,0,3,188,78.747400
DonQuixote-388208.txt,2225840,386868,the,ParallelGPU,0,4,188,81.091700
DonQuixote-388208.txt,2225840,386868,the,ParallelGPU,0,5,188,78.930200
